{"step":0,"epoch":0,"lr":0,"_timestamp":1.7649782046683953e+09,"_step":0,"_runtime":618,"loss":37.045372009277344,"time":458,"_wandb":{"runtime":618}}